Bus station,Location,Borough
Aldgate bus station,Aldgate,City of London
Beckton bus station,Beckton,Newham
Becontree Heath bus station,Becontree Heath,Barking and Dagenham
Brent Cross bus station,Brent Cross,Barnet
Canada Water bus station,Canada Water,Southwark
Canning Town bus station,Canning Town,Newham
Chingford bus station,Chingford,Walthamstow
Crystal Palace bus station,Crystal Palace,Bromley
Crossharbour bus station,Cubitt Town,Tower Hamlets
Dalston Junction bus station,Dalston,Hackney
Edgware bus station,Edgware,Barnet
Eltham bus station,Eltham,Greenwich
Euston bus station,Euston,Camden
Finsbury Park Interchange bus station,Finsbury Park,Islington
Finsbury Park Wells Terrace bus station,Finsbury Park,Islington
Hammersmith bus station,Hammersmith,Hammersmith and Fulham
Harrow bus station,Harrow,Harrow
Heathrow Central bus station,Hounslow,Hillingdon
Hounslow bus station,Hounslow,Hounslow
Cromwell Road bus station,Kingston upon Thames,Kingston upon Thames
Fairfield bus station,Kingston upon Thames,Kingston upon Thames
Leytonstone bus station,Leytonstone,Walthamstow
Liverpool Street bus station,Broadgate,City of London
London Bridge bus station,London Bridge,Southwark
North Finchley bus station,North Finchley,Barnet
North Greenwich bus station,Greenwich Peninsula,Greenwich
Orpington bus station,Orpington,Bromley
Peckham bus station,Peckham,Southwark
Putney Bridge bus station,Putney,Wandsworth
Richmond bus station,Richmond upon Thames,Richmond upon Thames
The Brewery (shopping centre),Romford,Havering
Stratford bus station,Stratford,Newham
Stratford City bus station,Stratford City,Newham
Tottenham Hale bus station,Tottenham Hale,Haringey
Turnpike Lane bus station,Harringay,Haringey
Uxbridge bus station,Uxbridge,Hillingdon
Vauxhall bus station,Vauxhall,Lambeth
Victoria bus station,Victoria,Westminster
Victoria coach station,Victoria,Westminster
Walthamstow Central bus station,Walthamstow Central,Walthamstow
West Croydon station,Croydon,Croydon
White City bus station,White City,Hammersmith and Fulham
