Station,Borough
Acton Town,Ealing
Aldgate,City of London
Aldgate East,Tower Hamlets
Alperton,Brent
Amersham,Chiltern
Angel,Islington
Archway,Islington
Arnos Grove,Enfield
Arsenal,Islington
Baker Street,City of Westminster
Balham,Wandsworth
Bank,City of London
Barbican,City of London
Barking,Barking and Dagenham
Barkingside,Redbridge
Barons Court,Hammersmith and Fulham
Bayswater,City of Westminster
Becontree,Barking and Dagenham
Belsize Park,Camden
Bermondsey,Southwark
Bethnal Green,Tower Hamlets
Blackfriars,City of London
Blackhorse Road,Waltham Forest
Bond Street,City of Westminster
Borough,Southwark
Boston Manor,EalingHounslow
Bounds Green,Haringey
Bow Road,Tower Hamlets
Brent Cross,Barnet
Brixton,Lambeth
Bromley-by-Bow,Tower Hamlets
Buckhurst Hill,Epping Forest
Burnt Oak,Barnet
Caledonian Road,Islington
Camden Town,Camden
Canada Water,Southwark
Canary Wharf,Tower Hamlets
Canning Town,Newham
Cannon Street,City of London
Canons Park,Harrow
Chalfont & Latimer,Chiltern
Chalk Farm,Camden
Chancery Lane,City of LondonCamden
Charing Cross,City of Westminster
Chesham,Chiltern
Chigwell,Epping Forest
Chiswick Park,Ealing
Chorleywood,Three Rivers
Clapham Common,Lambeth
Clapham North,Lambeth
Clapham South,Wandsworth
Cockfosters,Enfield
Colindale,Barnet
Colliers Wood,Merton
Covent Garden,City of Westminster
Croxley,Three Rivers
Dagenham East,Barking and Dagenham
Dagenham Heathway,Barking and Dagenham
Debden,Epping Forest
Dollis Hill,Brent
Ealing Broadway,Ealing
Ealing Common,Ealing
Earl's Court,Kensington and Chelsea
East Acton,Hammersmith and Fulham
East Finchley,Barnet
East Ham,Newham
East Putney,Wandsworth
Eastcote,Hillingdon
Edgware,Barnet
Edgware Road,City of Westminster
Edgware Road,City of Westminster
Elephant & Castle,Southwark
Elm Park,Havering
Embankment,City of Westminster
Epping,Epping Forest
Euston,Camden
Euston Square,Camden
Fairlop,Redbridge
Farringdon,Islington
Finchley Central,Barnet
Finchley Road,Camden
Finsbury Park,Islington
Fulham Broadway,Hammersmith and Fulham
Gants Hill,Redbridge
Gloucester Road,Kensington and Chelsea
Golders Green,Barnet
Goldhawk Road,Hammersmith and Fulham
Goodge Street,Camden
Grange Hill,Redbridge
Great Portland Street,City of Westminster
Greenford,Ealing
Green Park,City of Westminster
Gunnersbury,Hounslow
Hainault,Redbridge
Hammersmith,Hammersmith and Fulham
Hammersmith,Hammersmith and Fulham
Hampstead,Camden
Hanger Lane,Ealing
Harlesden,Brent
Harrow & Wealdstone,Harrow
Harrow-on-the-Hill,Harrow
Hatton Cross,Hillingdon
Heathrow Terminals 2 & 3,Hillingdon
Heathrow Terminal 4,Hillingdon
Heathrow Terminal 5,Hillingdon
Hendon Central,Barnet
High Barnet,Barnet
Highbury & Islington,Islington
Highgate,Haringey
High Street Kensington,Kensington and Chelsea
Hillingdon,Hillingdon
Holborn,Camden
Holland Park,Kensington and Chelsea
Holloway Road,Islington
Hornchurch,Havering
Hounslow Central,Hounslow
Hounslow East,Hounslow
Hounslow West,Hounslow
Hyde Park Corner,City of Westminster
Ickenham,Hillingdon
Kennington,Southwark
Kensal Green,Brent
Kensington (Olympia),Kensington and Chelsea
Kentish Town,Camden
Kenton,BrentHarrow
Kew Gardens,Richmond
Kilburn,Brent
Kilburn Park,Brent
Kingsbury,Brent
King's Cross St Pancras,Camden
Knightsbridge,Kensington and Chelsea
Ladbroke Grove,Kensington and Chelsea
Lambeth North,Lambeth
Lancaster Gate,City of Westminster
Latimer Road,Kensington and Chelsea
Leicester Square,City of Westminster
Leyton,Waltham Forest
Leytonstone,Waltham Forest
Liverpool Street,City of London
London Bridge,Southwark
Loughton,Epping Forest
Maida Vale,City of Westminster
Manor House,HackneyHaringey
Mansion House,City of London
Marble Arch,City of Westminster
Marylebone,City of Westminster
Mile End,Tower Hamlets
Mill Hill East,Barnet
Monument,City of London
Moorgate,City of London
Moor Park,Three Rivers
Morden,Merton
Mornington Crescent,Camden
Neasden,Brent
Newbury Park,Redbridge
North Acton,Ealing
North Ealing,Ealing
North Greenwich,Greenwich
North Harrow,Harrow
North Wembley,Brent
Northfields,Ealing
Northolt,Ealing
Northwick Park,Brent
Northwood,Hillingdon
Northwood Hills,Hillingdon
Notting Hill Gate,Kensington and Chelsea
Oakwood,Enfield
Old Street,IslingtonHackney
Osterley,Hounslow
Oval,Lambeth
Oxford Circus,City of Westminster
Paddington,City of Westminster
Paddington,City of Westminster
Park Royal,Ealing
Parsons Green,Hammersmith and Fulham
Perivale,Ealing
Piccadilly Circus,City of Westminster
Pimlico,City of Westminster
Pinner,Harrow
Plaistow,Newham
Preston Road,Brent
Putney Bridge,Hammersmith and Fulham
Queen's Park,Brent
Queensbury,Brent
Queensway,City of Westminster
Ravenscourt Park,Hammersmith and Fulham
Rayners Lane,Harrow
Redbridge,Redbridge
Regent's Park,City of Westminster
Richmond,Richmond
Rickmansworth,Three Rivers
Roding Valley,Epping ForestRedbridge
Royal Oak,City of Westminster
Ruislip,Hillingdon
Ruislip Gardens,Hillingdon
Ruislip Manor,Hillingdon
Russell Square,Camden
St. James's Park,City of Westminster
St. John's Wood,City of Westminster
St. Paul's,City of London
Seven Sisters,Haringey
Shepherd's Bush,Hammersmith and Fulham
Shepherd's Bush Market,Hammersmith and Fulham
Sloane Square,Kensington and Chelsea
Snaresbrook,Redbridge
South Ealing,Ealing
South Harrow,Harrow
South Kensington,Kensington and Chelsea
South Kenton,Brent
South Ruislip,Hillingdon
South Wimbledon,Merton
South Woodford,Redbridge
Southfields,Wandsworth
Southgate,Enfield
Southwark,Southwark
Stamford Brook,Hammersmith and Fulham
Stanmore,Harrow
Stepney Green,Tower Hamlets
Stockwell,Lambeth
Stonebridge Park,Brent
Stratford,Newham
Sudbury Hill,EalingHarrow
Sudbury Town,BrentEaling
Swiss Cottage,Camden
Temple,City of Westminster
Theydon Bois,Epping Forest
Tooting Bec,Wandsworth
Tooting Broadway,Wandsworth
Tottenham Court Road,City of Westminster
Tottenham Hale,Haringey
Totteridge & Whetstone,Barnet
Tower Hill,Tower Hamlets
Tufnell Park,Islington
Turnham Green,Hounslow
Turnpike Lane,Haringey
Upminster,Havering
Upminster Bridge,Havering
Upney,Barking and Dagenham
Upton Park,Newham
Uxbridge,Hillingdon
Vauxhall,Lambeth
Victoria,City of Westminster
Walthamstow Central,Waltham Forest
Wanstead,Redbridge
Warren Street,Camden
Warwick Avenue,City of Westminster
Waterloo,Lambeth
Watford,Watford
Wembley Central,Brent
Wembley Park,Brent
West Acton,Ealing
West Brompton,Kensington and Chelsea
West Finchley,Barnet
West Ham,Newham
West Hampstead,Camden
West Harrow,Harrow
West Kensington,Hammersmith and Fulham
West Ruislip,Hillingdon
Westbourne Park,City of Westminster
Westminster,City of Westminster
White City,Hammersmith and Fulham
Whitechapel,Tower Hamlets
Willesden Green,Brent
Willesden Junction,Brent
Wimbledon,Merton
Wimbledon Park,Merton
Wood Green,Haringey
Wood Lane,Hammersmith and Fulham
Woodford,Redbridge
Woodside Park,Barnet
